;PauliCoefficients;PauliStrings;Qbits
0;0.4999999999999999;II;[0, 1]
3;-0.24921848412890263;IZ;[0, 1]
5;-0.24999999999999986;XX;[0, 1]
6;-0.019752143389818167;XY;[0, 1]
9;-0.019752143389817765;YX;[0, 1]
10;-0.24999999999999986;YY;[0, 1]
12;-0.24921848412890263;ZI;[0, 1]
