;key;value
0;\theta_0;0.39269908169872414
1;\theta_1;0.7853981633974483
