;key;value
0;\theta_0;0.15707963267948966
1;\theta_1;0.3141592653589793
2;\theta_2;0.47123889803846897
3;\theta_3;0.6283185307179586
4;\theta_4;0.7853981633974483
5;\theta_5;0.9424777960769379
6;\theta_6;1.0995574287564276
7;\theta_7;1.2566370614359172
