;key;value
0;\theta_0;0.19634954084936207
1;\theta_1;0.39269908169872414
2;\theta_2;0.5890486225480862
3;\theta_3;0.7853981633974483
4;\theta_4;0.9817477042468103
5;\theta_5;1.1780972450961724
