;key;value
0;\theta_0;0.2617993877991494
1;\theta_1;0.5235987755982988
2;\theta_2;0.7853981633974483
3;\theta_3;1.0471975511965976
